{
    "Zoom_InOut_Value": 5.049999713897705,
    "X_Position_Value": -151.42857360839845,
    "Y_Position_Value": 0.0,
    "Rotate_Camera_Value": 0.0,
    "X_Size_Value": 304.9999694824219,
    "Y_Size_Value": 400.0,
    "Point_Scale_Value": 20.0,
    "Max_Scale_Value": 50.5,
    "Min_Scale_Value": 29.992856979370118,
    "BoxData": []
}