{
    "Zoom_InOut_Value": 5.049999713897705,
    "X_Position_Value": -151.42857360839845,
    "Y_Position_Value": 0.0,
    "Rotate_Camera_Value": 0.0,
    "X_Size_Value": 304.9999694824219,
    "Y_Size_Value": 400.0,
    "Point_Scale_Value": 20.0,
    "Max_Scale_Value": 63.93571090698242,
    "Min_Scale_Value": 44.135711669921878,
    "IP_Adress": "192.168.0.39",
    "OSC_IP_Adress": "127.0.0.1",
    "OSC_Adress": "Sensor",
    "BoxData": [
        {
            "Name": "Box0",
            "X_Position_Value": 0.0,
            "Y_Position_Value": 168.57142639160157,
            "X_Size_Value": 311.6499938964844,
            "Y_Size_Value": 69.4000015258789
        },
        {
            "Name": "Box1",
            "X_Position_Value": -137.14285278320313,
            "Y_Position_Value": 134.28570556640626,
            "X_Size_Value": 52.30000305175781,
            "Y_Size_Value": 134.9499969482422
        },
        {
            "Name": "Box2",
            "X_Position_Value": 11.428570747375489,
            "Y_Position_Value": -191.42857360839845,
            "X_Size_Value": 38.04999923706055,
            "Y_Size_Value": 35.20000076293945
        }
    ]
}