{
    "Zoom_InOut_Value": 5.114285945892334,
    "X_Position_Value": -154.2857208251953,
    "Y_Position_Value": 0.0,
    "Rotate_Camera_Value": 0.0,
    "X_Size_Value": 307.5,
    "Y_Size_Value": 400.0
}